{
    "KitchenPot": [
        0.9520000219345093,
        0.01027882742881775,
        0.9649122953414917,
        0.9696969985961914,
        0.9322034120559692
    ],
    "USB": [
        0.6857143044471741,
        0.01944163879569696,
        0.6369863152503967,
        0.5859375,
        0.7948718070983887
    ],
    "Cart": [
        0.5460751056671143,
        0.024096324989006383,
        0.5155279636383057,
        0.49677419662475586,
        0.6014492511749268
    ],
    "Box": [
        0.671999990940094,
        0.019813193321228027,
        0.7222222089767456,
        0.75,
        0.6000000238418579
    ],
    "Pliers": [
        0.8017241358757019,
        0.01800635611188823,
        0.774193525314331,
        0.7627118825912476,
        0.8421052694320679
    ],
    "WashingMachine": [
        0.46341463923454285,
        0.025624901783175585,
        0.4615384638309479,
        0.4878048896789551,
        0.4390243887901306
    ],
    "Lighter": [
        0.5925925970077515,
        0.024963695914657028,
        0.6229507923126221,
        0.6461538672447205,
        0.5428571701049805
    ],
    "Switch": [
        0.4851190447807312,
        0.023445419434990202,
        0.46368715167045593,
        0.4545454680919647,
        0.518750011920929
    ],
    "Laptop": [
        0.7529411911964417,
        0.01655953012260736,
        0.732758641242981,
        0.7753623127937317,
        0.7264957427978516
    ],
    "Bucket": [
        0.6069363951683044,
        0.022129823362207136,
        0.6951219439506531,
        0.6575342416763306,
        0.5699999928474426
    ],
    "Globe": [
        0.96875,
        0.004546681651845574,
        0.9664429426193237,
        0.9642857313156128,
        0.9729729890823364
    ],
    "Trashcan": [
        0.7192307710647583,
        0.01912843527702185,
        0.702479362487793,
        0.739130437374115,
        0.6967213153839111
    ],
    "Luggage": [
        0.4150943458080292,
        0.03047235169500675,
        0.3720930218696594,
        0.1818181872367859,
        0.800000011920929
    ],
    "Window": [
        0.6496350169181824,
        0.020699047911776243,
        0.6187050342559814,
        0.634482741355896,
        0.6666666865348816
    ],
    "Faucet": [
        0.6716791987419128,
        0.02117838910349031,
        0.7055555582046509,
        0.7268041372299194,
        0.6195122003555298
    ],
    "Eyeglasses": [
        0.5993589758872986,
        0.021270467111697562,
        0.5874125957489014,
        0.6358024477958679,
        0.5600000023841858
    ],
    "Kettle": [
        0.5384615659713745,
        0.02679480451803941,
        0.5833333134651184,
        0.765625,
        0.3181818127632141
    ],
    "Toilet": [
        0.7259036302566528,
        0.0201945647776845,
        0.7218543291091919,
        0.7586206793785095,
        0.6898733973503113
    ],
    "Oven": [
        0.46875,
        0.02239342654744784,
        0.4642857015132904,
        0.3877550959587097,
        0.5531914830207825
    ],
    "Stapler": [
        0.684684693813324,
        0.02161485493720115,
        0.6721311211585999,
        0.6363636255264282,
        0.7321428656578064
    ],
    "Phone": [
        0.7301587462425232,
        0.01707975258902898,
        1.0,
        1.0,
        0.190476194024086
    ],
    "Trash Can": [
        0.875,
        0.02113125431868765,
        0.8484848737716675,
        0.875,
        0.875
    ],
    "Scissors": [
        0.6371681690216064,
        0.022174839688613352,
        0.60447758436203,
        0.5431034564971924,
        0.7363636493682861
    ],
    "Dish Washer": [
        0.5324675440788269,
        0.02420671858312764,
        0.5462962985038757,
        0.5663716793060303,
        0.5
    ],
    "Lamp": [
        0.6944444179534912,
        0.019768972363736894,
        0.7115384340286255,
        0.7169811129570007,
        0.6727272868156433
    ],
    "Sitting Furniture": [
        0.4601542353630066,
        0.023849989730472122,
        0.47999998927116394,
        0.3776595890522003,
        0.5373134613037109
    ],
    "Table": [
        0.4804123640060425,
        0.02337765030025207,
        0.46975088119506836,
        0.40400001406669617,
        0.5617021322250366
    ],
    "Storage Furniture": [
        0.6271693706512451,
        0.020867652339467312,
        0.5971459746360779,
        0.5786452293395996,
        0.6800000071525574
    ],
    "Pot": [
        0.931034505367279,
        0.013690072143899983,
        0.9375,
        0.9230769276618958,
        0.9375
    ]
}