{"KitchenPot": {"accuracy": 0.8214285969734192, "avg loss": 0.01370487752414885, "precision": 0.9259259104728699, "class0_acc": 0.95652174949646, "class1_acc": 0.6578947305679321}, "USB": {"accuracy": 0.6036585569381714, "avg loss": 0.01227012640092431, "precision": 0.6202531456947327, "class0_acc": 0.625, "class1_acc": 0.5833333134651184}, "Cart": {"accuracy": 0.43877550959587097, "avg loss": 0.014747330424736957, "precision": 0.41860464215278625, "class0_acc": 0.5, "class1_acc": 0.375}, "Box": {"accuracy": 0.5357142686843872, "avg loss": 0.01649632127512069, "precision": 0.49152541160583496, "class0_acc": 0.3478260934352875, "class1_acc": 0.7631579041481018}, "Pliers": {"accuracy": 0.6363636255264282, "avg loss": 0.016627987483879187, "precision": 0.6296296119689941, "class0_acc": 0.761904776096344, "class1_acc": 0.48571428656578064}, "WashingMachine": {"accuracy": 0.4545454680919647, "avg loss": 0.013706027377735484, "precision": 0.4545454680919647, "class0_acc": 0.0, "class1_acc": 1.0}, "Lighter": {"accuracy": 0.5747126340866089, "avg loss": 0.014995041934923193, "precision": 0.5555555820465088, "class0_acc": 0.8333333134651184, "class1_acc": 0.25641027092933655}, "Switch": {"accuracy": 0.4821428656578064, "avg loss": 0.012346327038747924, "precision": 0.47826087474823, "class0_acc": 0.4690265357494354, "class1_acc": 0.4954954981803894}, "Laptop": {"accuracy": 0.6941176652908325, "avg loss": 0.010893549638635971, "precision": 0.6605504751205444, "class0_acc": 0.5542168617248535, "class1_acc": 0.8275862336158752}, "Bucket": {"accuracy": 0.5775862336158752, "avg loss": 0.01175421270830878, "precision": 0.5471698045730591, "class0_acc": 0.6129032373428345, "class1_acc": 0.5370370149612427}, "Globe": {"accuracy": 0.9635416865348816, "avg loss": 0.0042352449769775076, "precision": 0.9300000071525574, "class0_acc": 0.9292929172515869, "class1_acc": 1.0}, "Trashcan": {"accuracy": 0.5953757166862488, "avg loss": 0.011504319017333103, "precision": 0.5611510872840881, "class0_acc": 0.2906976640224457, "class1_acc": 0.8965517282485962}, "Luggage": {"accuracy": 0.27586206793785095, "avg loss": 0.028088341499197072, "precision": 0.2857142984867096, "class0_acc": 0.0, "class1_acc": 0.8888888955116272}, "Window": {"accuracy": 0.5823529362678528, "avg loss": 0.011987060308456421, "precision": 0.6428571343421936, "class0_acc": 0.759036123752594, "class1_acc": 0.4137931168079376}, "Faucet": {"accuracy": 0.6015037298202515, "avg loss": 0.012361057046660804, "precision": 0.5811966061592102, "class0_acc": 0.652482271194458, "class1_acc": 0.5440000295639038}, "Eyeglasses": {"accuracy": 0.5288461446762085, "avg loss": 0.01336270714035401, "precision": 0.5277777910232544, "class0_acc": 0.6792452931404114, "class1_acc": 0.37254902720451355}, "Kettle": {"accuracy": 0.4597701132297516, "avg loss": 0.016902453597934766, "precision": 0.4523809552192688, "class0_acc": 0.0416666679084301, "class1_acc": 0.9743589758872986}, "Toilet": {"accuracy": 0.5577889680862427, "avg loss": 0.013674931610049915, "precision": 0.5730336904525757, "class0_acc": 0.6122449040412903, "class1_acc": 0.5049505233764648}, "Oven": {"accuracy": 0.4727272689342499, "avg loss": 0.0131258563561873, "precision": 0.4615384638309479, "class0_acc": 0.06666667014360428, "class1_acc": 0.9599999785423279}, "Stapler": {"accuracy": 0.5675675868988037, "avg loss": 0.020093572300833626, "precision": 0.0, "class0_acc": 1.0, "class1_acc": 0.0}, "Phone": {"accuracy": 0.3461538553237915, "avg loss": 0.029855340719223022, "precision": 0.3199999928474426, "class0_acc": 0.0555555559694767, "class1_acc": 1.0}, "Trash Can": {"accuracy": 0.4791666567325592, "avg loss": 0.014740162839492163, "precision": 0.4651162922382355, "class0_acc": 0.11538461595773697, "class1_acc": 0.9090909361839294}, "Scissors": {"accuracy": 0.5761589407920837, "avg loss": 0.013747771844169162, "precision": 0.5333333611488342, "class0_acc": 0.5731707215309143, "class1_acc": 0.5797101259231567}, "Dish Washer": {"accuracy": 0.4675324559211731, "avg loss": 0.013611770682520681, "precision": 0.4678899049758911, "class0_acc": 0.26582279801368713, "class1_acc": 0.6800000071525574}, "Lamp": {"accuracy": 0.6241135001182556, "avg loss": 0.01455316645033816, "precision": 0.6285714507102966, "class0_acc": 0.6285714507102966, "class1_acc": 0.6197183132171631}, "Sitting Furniture": {"accuracy": 0.42692306637763977, "avg loss": 0.01374207161940061, "precision": 0.4300518035888672, "class0_acc": 0.2028985470533371, "class1_acc": 0.6803278923034668}, "Table": {"accuracy": 0.4413580298423767, "avg loss": 0.013174089384667667, "precision": 0.4360189437866211, "class0_acc": 0.30000001192092896, "class1_acc": 0.5974025726318359}, "Storage Furniture": {"accuracy": 0.5694946050643921, "avg loss": 0.011006193470868824, "precision": 0.5469255447387695, "class0_acc": 0.511343777179718, "class1_acc": 0.6317756772041321}, "Pot": {"accuracy": 0.6363636255264282, "avg loss": 0.016687513945938703, "precision": 0.5614035129547119, "class0_acc": 0.4047619104385376, "class1_acc": 0.9142857193946838}}