{"KitchenPot": [0.773809552192688, 0.013218484464145842, 0.8275862336158752, 0.8913043737411499, 0.6315789222717285], "USB": [0.6097561120986938, 0.012237905365664785, 0.5862069129943848, 0.4000000059604645, 0.8095238208770752], "Cart": [0.5102040767669678, 0.014291613077630803, 0.5, 0.20000000298023224, 0.8333333134651184], "Box": [0.5476190447807312, 0.016371349493662517, 0.5, 0.54347825050354, 0.5526315569877625], "Pliers": [0.5324675440788269, 0.018139367753809147, 0.4920634925365448, 0.2380952388048172, 0.8857142925262451], "WashingMachine": [0.4545454680919647, 0.013186311721801758, 0.4545454680919647, 0.0, 1.0], "Lighter": [0.5287356376647949, 0.015732698742000537, 0.4871794879436493, 0.1666666716337204, 0.9743589758872986], "Switch": [0.5133928656578064, 0.012310773400323731, 0.5128205418586731, 0.6637167930603027, 0.36036035418510437], "Laptop": [0.7176470756530762, 0.01063897644772249, 0.7349397540092468, 0.7349397540092468, 0.7011494040489197], "Bucket": [0.568965494632721, 0.01176541581236083, 0.54347825050354, 0.6612903475761414, 0.46296295523643494], "Globe": [0.9166666865348816, 0.0038514151237905025, 0.8811880946159363, 0.8787878751754761, 0.9569892287254333], "Trashcan": [0.6705202460289001, 0.011546713768402276, 0.6470588445663452, 0.5813953280448914, 0.7586206793785095], "Luggage": [0.3103448152542114, 0.03338169846041449, 0.3103448152542114, 0.0, 1.0], "Window": [0.6176470518112183, 0.012041980028152465, 0.6486486196517944, 0.6867470145225525, 0.5517241358757019], "Faucet": [0.6353383660316467, 0.012517723149823067, 0.6627907156944275, 0.7943262457847595, 0.4560000002384186], "Eyeglasses": [0.5528846383094788, 0.013678136926430922, 0.5420560836791992, 0.5377358198165894, 0.5686274766921997], "Kettle": [0.540229856967926, 0.016019088783483397, 0.49295774102211, 0.25, 0.8974359035491943], "Toilet": [0.5477386713027954, 0.013672264377076422, 0.5523809790611267, 0.5204081535339355, 0.5742574334144592], "Oven": [0.4545454680919647, 0.014494652097875422, 0.4545454680919647, 0.0, 1.0], "Stapler": [0.5945945978164673, 0.01806635711644147, 0.550000011920929, 0.7857142686843872, 0.34375], "Phone": [0.7307692170143127, 0.024942810718829814, 0.6000000238418579, 0.8888888955116272, 0.375], "Trash Can": [0.4791666567325592, 0.0142450084288915, 0.4615384638309479, 0.19230769574642181, 0.8181818127632141], "Scissors": [0.5430463552474976, 0.01354611867310985, 0.5, 0.6829268336296082, 0.37681159377098083], "Dish Washer": [0.48051947355270386, 0.013634625193360565, 0.4829931855201721, 0.037974681705236435, 0.9466666579246521], "Lamp": [0.6382978558540344, 0.014822804758734737, 0.7631579041481018, 0.8714285492897034, 0.4084506928920746], "Sitting Furniture": [0.45384615659713745, 0.013565585017204285, 0.41525423526763916, 0.5, 0.40163934230804443], "Table": [0.4660493731498718, 0.012962322912098449, 0.4112149477005005, 0.6294117569923401, 0.2857142984867096], "Storage Furniture": [0.5658844709396362, 0.011000514030456543, 0.5442622900009155, 0.5148342251777649, 0.6205607652664185], "Pot": [0.4675324559211731, 0.01754704388705167, 0.46052631735801697, 0.02380952425301075, 1.0]}